103/01/31, 38, 17, 23, 49, 48, 27, 19
103/01/30, 09, 22, 49, 48, 45, 44, 08
103/01/28, 02, 30, 07, 26, 05, 01, 24
103/01/24, 04, 20, 29, 41, 45, 01, 36
103/01/21, 22, 43, 12, 44, 38, 15, 09
103/01/17, 20, 29, 13, 15, 26, 36, 37
103/01/14, 11, 49, 02, 45, 41, 21, 26
103/01/10, 07, 19, 17, 30, 37, 32, 03
103/01/07, 01, 07, 25, 36, 21, 35, 39
103/01/03, 11, 35, 21, 18, 37, 20, 08
103/02/28, 17, 24, 13, 18, 32, 28, 37
103/02/25, 13, 09, 05, 03, 46, 12, 04
103/02/21, 11, 12, 23, 40, 28, 48, 09
103/02/18, 47, 19, 06, 26, 32, 20, 35
103/02/14, 24, 10, 48, 33, 20, 19, 01
103/02/11, 15, 31, 21, 06, 44, 22, 41
103/02/07, 22, 05, 28, 11, 21, 12, 25
103/02/04, 19, 46, 32, 12, 42, 08, 28
103/02/03, 02, 16, 27, 30, 17, 01, 48
103/02/02, 14, 45, 03, 24, 19, 13, 05
103/02/01, 36, 37, 13, 19, 09, 06, 27
103/03/28, 09, 18, 23, 36, 47, 35, 41
103/03/25, 19, 25, 47, 42, 30, 23, 16
103/03/21, 47, 26, 46, 08, 31, 18, 20
103/03/18, 26, 40, 35, 39, 12, 28, 16
103/03/14, 47, 08, 40, 41, 27, 02, 28
103/03/11, 40, 20, 15, 16, 13, 43, 14
103/03/07, 38, 26, 06, 37, 18, 30, 16
103/03/04, 43, 08, 40, 35, 37, 26, 06
103/04/29, 02, 46, 09, 44, 30, 27, 22
103/04/25, 46, 24, 34, 04, 38, 35, 30
103/04/22, 18, 37, 20, 11, 12, 15, 42
103/04/18, 08, 48, 15, 40, 09, 44, 24
103/04/15, 26, 44, 24, 08, 35, 05, 41
103/04/11, 01, 03, 17, 09, 12, 04, 15
103/04/08, 28, 27, 17, 01, 45, 14, 11
103/04/04, 08, 24, 35, 37, 41, 47, 23
103/04/01, 46, 18, 29, 30, 47, 22, 06
103/05/30, 21, 09, 17, 35, 24, 30, 15
103/05/27, 26, 19, 23, 10, 39, 32, 16
103/05/23, 30, 11, 22, 46, 17, 27, 15
103/05/20, 34, 33, 30, 13, 35, 06, 38
103/05/16, 45, 41, 31, 42, 14, 38, 29
103/05/13, 32, 20, 31, 44, 29, 15, 23
103/05/09, 13, 01, 27, 21, 37, 11, 03
103/05/06, 10, 46, 39, 35, 40, 25, 31
103/05/02, 01, 25, 37, 23, 07, 40, 12
103/06/27, 35, 34, 36, 27, 13, 21, 24
103/06/24, 14, 40, 08, 01, 12, 41, 15
103/06/20, 14, 36, 12, 16, 33, 47, 48
103/06/17, 03, 06, 20, 48, 18, 25, 12
103/06/13, 28, 32, 37, 42, 04, 21, 16
103/06/10, 03, 32, 11, 35, 33, 28, 30
103/06/06, 41, 29, 47, 49, 25, 40, 48
103/06/03, 31, 32, 16, 44, 35, 33, 46
103/07/29, 47, 36, 32, 31, 44, 34, 46
103/07/25, 45, 30, 21, 32, 05, 35, 26
103/07/22, 28, 03, 13, 09, 17, 42, 14
103/07/18, 19, 15, 21, 02, 30, 01, 40
103/07/15, 07, 32, 18, 23, 48, 34, 13
103/07/11, 07, 18, 30, 01, 15, 14, 33
103/07/08, 33, 10, 39, 22, 47, 25, 38
103/07/04, 48, 14, 24, 17, 27, 03, 28
103/07/01, 09, 21, 48, 08, 07, 06, 18
103/08/29, 39, 38, 21, 23, 10, 09, 35
103/08/26, 23, 32, 43, 19, 01, 17, 09
103/08/22, 43, 08, 23, 30, 16, 31, 18
103/08/19, 12, 19, 06, 07, 14, 09, 17
103/08/15, 47, 46, 29, 23, 18, 48, 05
103/08/12, 12, 10, 06, 04, 34, 45, 44
103/08/08, 32, 42, 26, 45, 38, 31, 37
103/08/05, 40, 11, 26, 33, 04, 42, 34
103/08/01, 45, 08, 21, 32, 05, 23, 18
103/09/30, 49, 41, 18, 47, 36, 35, 15
103/09/26, 15, 19, 29, 22, 37, 08, 39
103/09/23, 38, 28, 20, 32, 02, 11, 16
103/09/19, 06, 17, 29, 02, 32, 39, 04
103/09/16, 41, 19, 07, 18, 16, 12, 45
103/09/12, 27, 49, 02, 36, 31, 23, 15
103/09/09, 42, 49, 21, 41, 29, 23, 14
103/09/05, 16, 25, 32, 10, 36, 27, 45
103/09/02, 39, 36, 43, 07, 08, 42, 22
103/10/31, 14, 08, 27, 49, 10, 02, 20
103/10/28, 16, 32, 25, 05, 37, 44, 21
103/10/24, 36, 01, 20, 45, 17, 37, 15
103/10/21, 31, 44, 42, 28, 14, 38, 45
103/10/17, 32, 36, 33, 02, 20, 11, 39
103/10/14, 47, 36, 20, 09, 14, 10, 08
103/10/10, 11, 26, 01, 24, 28, 19, 33
103/10/07, 45, 40, 17, 47, 18, 41, 29
103/10/03, 10, 14, 19, 37, 24, 35, 39
103/11/28, 35, 44, 01, 40, 10, 21, 36
103/11/25, 15, 32, 16, 01, 44, 48, 40
103/11/21, 03, 32, 02, 34, 26, 22, 40
103/11/18, 12, 20, 43, 11, 28, 26, 06
103/11/14, 44, 15, 41, 29, 16, 34, 49
103/11/11, 18, 23, 11, 36, 05, 43, 14
103/11/07, 49, 25, 40, 27, 19, 11, 33
103/11/04, 20, 38, 03, 35, 30, 41, 47
103/12/30, 48, 49, 07, 44, 32, 30, 45
103/12/26, 49, 32, 42, 45, 09, 27, 30
103/12/23, 32, 39, 03, 31, 30, 27, 35
103/12/19, 09, 01, 24, 41, 32, 49, 40
103/12/16, 35, 45, 34, 32, 17, 28, 08
103/12/12, 24, 08, 29, 32, 07, 48, 37
103/12/09, 41, 23, 09, 07, 43, 33, 24
103/12/05, 47, 30, 11, 34, 37, 18, 17
103/12/02, 11, 26, 42, 13, 09, 23, 47
104/01/30, 35, 14, 24, 39, 03, 44, 28
104/01/27, 45, 04, 27, 15, 09, 21, 06
104/01/23, 20, 16, 39, 42, 38, 08, 29
104/01/20, 47, 35, 28, 45, 09, 24, 48
104/01/16, 02, 46, 17, 32, 38, 28, 49
104/01/13, 46, 14, 22, 37, 02, 16, 49
104/01/09, 18, 07, 24, 21, 23, 08, 11
104/01/06, 16, 37, 43, 11, 30, 29, 13
104/01/02, 31, 23, 48, 29, 22, 13, 06
104/02/27, 02, 06, 43, 38, 27, 34, 45
104/02/24, 46, 39, 28, 03, 48, 41, 09
104/02/23, 21, 20, 43, 38, 32, 14, 23
104/02/22, 06, 03, 12, 37, 34, 43, 28
104/02/21, 27, 17, 40, 02, 11, 05, 20
104/02/20, 10, 45, 29, 05, 09, 28, 41
104/02/19, 25, 40, 07, 49, 31, 27, 11
104/02/18, 15, 27, 06, 16, 03, 31, 14
104/02/17, 11, 15, 23, 46, 40, 03, 13
104/02/13, 25, 01, 29, 09, 15, 35, 38
104/02/10, 29, 14, 44, 26, 15, 35, 09
104/02/06, 11, 42, 05, 29, 46, 36, 48
104/02/03, 30, 13, 16, 18, 05, 15, 08
104/03/31, 02, 32, 43, 13, 25, 04, 15
104/03/27, 12, 36, 24, 13, 18, 15, 39
104/03/24, 09, 04, 06, 17, 03, 24, 28
104/03/20, 04, 13, 07, 29, 09, 46, 08
104/03/17, 36, 42, 49, 05, 32, 40, 01
104/03/13, 06, 22, 09, 14, 33, 16, 11
104/03/10, 11, 25, 46, 47, 03, 34, 42
104/03/06, 44, 22, 21, 06, 37, 35, 29
104/03/03, 43, 46, 41, 06, 11, 04, 21
104/04/28, 03, 44, 36, 26, 12, 05, 23
104/04/24, 13, 25, 41, 46, 35, 31, 49
104/04/21, 01, 22, 03, 33, 29, 11, 30
104/04/17, 47, 45, 26, 36, 33, 32, 39
104/04/14, 38, 01, 48, 49, 23, 22, 11
104/04/10, 44, 17, 10, 11, 42, 20, 13
104/04/07, 17, 47, 11, 45, 19, 33, 04
104/04/03, 36, 13, 43, 32, 42, 40, 41
104/05/29, 02, 34, 32, 11, 28, 05, 24
104/05/26, 10, 26, 45, 11, 02, 20, 30
104/05/22, 23, 03, 43, 28, 37, 21, 05
104/05/19, 46, 16, 15, 42, 29, 39, 14
104/05/15, 27, 32, 18, 06, 29, 03, 40
104/05/12, 01, 23, 29, 31, 13, 33, 17
104/05/08, 44, 15, 02, 28, 10, 49, 39
104/05/05, 44, 41, 28, 42, 49, 08, 30
104/05/01, 15, 49, 25, 29, 47, 08, 09
104/06/30, 18, 35, 19, 48, 46, 32, 47
104/06/26, 06, 12, 05, 41, 29, 28, 07
104/06/23, 45, 02, 13, 35, 33, 43, 05
104/06/19, 18, 11, 05, 25, 38, 03, 15
104/06/16, 35, 41, 04, 25, 03, 45, 07
104/06/12, 28, 08, 24, 22, 19, 26, 18
104/06/09, 37, 03, 20, 27, 44, 34, 12
104/06/05, 41, 08, 48, 32, 21, 35, 34
104/06/02, 07, 01, 20, 19, 46, 47, 13
104/07/31, 30, 40, 13, 16, 32, 18, 29
104/07/28, 49, 32, 06, 27, 15, 44, 16
104/07/24, 25, 10, 12, 42, 33, 39, 29
104/07/21, 16, 44, 40, 09, 08, 39, 28
104/07/17, 33, 04, 27, 07, 20, 40, 38
104/07/14, 45, 30, 10, 12, 14, 19, 41
104/07/10, 06, 05, 26, 13, 47, 29, 33
104/07/07, 46, 33, 01, 27, 14, 42, 41
104/07/03, 21, 23, 29, 41, 46, 28, 24
104/08/28, 15, 11, 46, 40, 08, 12, 16
104/08/25, 45, 22, 13, 26, 47, 15, 49
104/08/21, 20, 10, 15, 21, 36, 27, 45
104/08/18, 29, 49, 30, 08, 20, 42, 21
104/08/14, 13, 23, 42, 05, 24, 14, 35
104/08/11, 45, 43, 46, 02, 35, 01, 14
104/08/07, 25, 36, 28, 27, 37, 26, 38
104/08/04, 48, 12, 03, 19, 17, 38, 43
104/09/29, 01, 35, 03, 25, 44, 31, 15
104/09/25, 13, 38, 25, 21, 09, 39, 02
104/09/22, 47, 46, 06, 10, 39, 44, 30
104/09/18, 16, 06, 17, 41, 37, 36, 28
104/09/15, 44, 13, 30, 34, 31, 02, 39
104/09/11, 41, 10, 05, 29, 18, 44, 30
104/09/08, 08, 31, 43, 28, 36, 32, 09
104/09/04, 20, 49, 46, 19, 44, 47, 09
104/09/01, 20, 48, 40, 18, 19, 09, 03
104/10/30, 15, 08, 20, 03, 06, 30, 40
104/10/27, 07, 17, 34, 08, 10, 36, 43
104/10/23, 01, 41, 16, 43, 47, 46, 25
104/10/20, 32, 12, 37, 17, 39, 38, 27
104/10/16, 31, 20, 29, 44, 25, 40, 21
104/10/13, 24, 29, 32, 44, 49, 31, 39
104/10/09, 35, 02, 08, 27, 22, 43, 24
104/10/06, 08, 10, 28, 03, 38, 47, 13
104/10/02, 44, 11, 45, 36, 41, 15, 35
104/11/27, 04, 41, 05, 23, 40, 25, 11
104/11/24, 48, 01, 09, 29, 28, 13, 45
104/11/20, 40, 09, 04, 10, 39, 42, 08
104/11/17, 02, 44, 07, 47, 31, 26, 36
104/11/13, 33, 18, 16, 11, 31, 01, 19
104/11/10, 07, 27, 45, 11, 10, 28, 21
104/11/06, 30, 45, 27, 49, 08, 24, 42
104/11/03, 28, 45, 08, 16, 48, 22, 13
104/12/29, 08, 30, 32, 42, 13, 01, 11
104/12/25, 12, 07, 03, 16, 30, 11, 13
104/12/22, 29, 49, 37, 12, 13, 08, 43
104/12/18, 25, 18, 15, 06, 05, 11, 31
104/12/15, 22, 18, 31, 23, 11, 04, 19
104/12/11, 42, 25, 01, 43, 04, 29, 11
104/12/08, 15, 08, 40, 43, 36, 32, 03
104/12/04, 16, 21, 34, 47, 37, 41, 29
104/12/01, 41, 37, 13, 06, 19, 15, 22
105/01/29, 16, 38, 35, 45, 48, 44, 27
105/01/26, 17, 46, 35, 11, 13, 39, 02
105/01/22, 46, 20, 10, 17, 15, 43, 37
105/01/19, 14, 09, 46, 04, 23, 44, 41
105/01/15, 27, 11, 42, 06, 16, 17, 35
105/01/12, 18, 15, 05, 44, 40, 39, 37
105/01/08, 13, 28, 44, 03, 48, 10, 01
105/01/05, 07, 33, 15, 25, 03, 01, 21
105/01/01, 16, 41, 29, 19, 24, 43, 32
105/02/26, 03, 46, 21, 09, 17, 41, 27
105/02/23, 20, 14, 19, 43, 45, 10, 22
105/02/19, 23, 20, 44, 30, 11, 39, 49
105/02/16, 23, 33, 11, 34, 40, 29, 06
105/02/14, 21, 03, 26, 16, 20, 01, 22
105/02/13, 06, 18, 29, 35, 04, 48, 20
105/02/12, 32, 22, 06, 10, 11, 45, 04
105/02/11, 03, 34, 13, 48, 29, 30, 28
105/02/10, 19, 32, 22, 47, 18, 44, 09
105/02/09, 31, 25, 09, 24, 45, 37, 12
105/02/08, 27, 12, 08, 32, 13, 16, 24
105/02/07, 21, 11, 04, 37, 35, 25, 43
105/02/05, 41, 05, 30, 04, 26, 38, 28
105/02/02, 48, 15, 21, 26, 43, 23, 34
105/03/29, 47, 18, 46, 01, 34, 17, 25
105/03/25, 37, 41, 07, 11, 40, 22, 20
105/03/22, 33, 07, 16, 20, 30, 11, 06
105/03/18, 04, 18, 01, 03, 25, 47, 13
105/03/15, 14, 48, 06, 30, 42, 47, 18
105/03/11, 09, 34, 49, 36, 16, 30, 31
105/03/08, 03, 30, 27, 39, 41, 35, 32
105/03/04, 29, 07, 05, 12, 22, 17, 04
105/03/01, 34, 17, 23, 14, 07, 22, 12
105/04/29, 08, 27, 36, 31, 14, 40, 03
105/04/26, 12, 06, 34, 43, 21, 25, 28
105/04/22, 48, 33, 46, 19, 12, 23, 29
105/04/19, 12, 41, 47, 46, 39, 21, 14
105/04/15, 28, 47, 13, 45, 17, 09, 03
105/04/12, 19, 11, 49, 45, 39, 14, 23
105/04/08, 36, 45, 07, 30, 13, 02, 43
105/04/05, 14, 32, 38, 43, 23, 26, 03
105/04/01, 39, 12, 16, 29, 08, 37, 40
105/05/31, 01, 46, 32, 05, 02, 45, 43
105/05/27, 02, 24, 13, 39, 09, 16, 41
105/05/24, 08, 21, 13, 33, 39, 06, 45
105/05/20, 40, 25, 43, 10, 05, 30, 26
105/05/17, 02, 42, 03, 20, 23, 34, 40
105/05/13, 10, 31, 35, 38, 22, 03, 37
105/05/10, 36, 38, 22, 03, 04, 08, 07
105/05/06, 26, 48, 01, 42, 39, 37, 41
105/05/03, 40, 01, 07, 17, 43, 41, 33
105/06/28, 25, 46, 45, 08, 39, 07, 38
105/06/24, 17, 14, 39, 41, 27, 28, 18
105/06/21, 36, 27, 02, 49, 35, 34, 26
105/06/17, 17, 21, 31, 10, 07, 20, 49
105/06/14, 33, 12, 37, 35, 13, 16, 18
105/06/10, 23, 04, 48, 22, 15, 13, 03
105/06/07, 05, 39, 31, 08, 44, 23, 19
105/06/03, 10, 03, 41, 33, 27, 44, 07
105/07/29, 28, 09, 27, 15, 30, 41, 13
105/07/26, 35, 41, 19, 22, 09, 15, 37
105/07/22, 17, 10, 33, 02, 49, 27, 15
105/07/19, 07, 46, 40, 33, 45, 13, 39
105/07/15, 29, 24, 25, 35, 33, 38, 49
105/07/12, 42, 31, 46, 43, 25, 34, 05
105/07/08, 13, 10, 09, 19, 35, 23, 38
105/07/05, 09, 17, 40, 06, 15, 47, 24
105/07/01, 41, 34, 20, 43, 24, 08, 32
105/08/30, 01, 46, 36, 27, 11, 18, 26
105/08/26, 34, 49, 28, 09, 42, 41, 06
105/08/23, 44, 26, 38, 25, 48, 37, 31
105/08/19, 19, 26, 44, 46, 05, 48, 36
105/08/16, 29, 20, 14, 15, 05, 27, 35
105/08/12, 08, 35, 43, 33, 20, 42, 10
105/08/09, 15, 37, 35, 17, 45, 30, 41
105/08/05, 27, 40, 02, 35, 22, 01, 33
105/08/02, 15, 04, 20, 22, 28, 29, 01
105/09/30, 48, 04, 10, 31, 38, 40, 05
105/09/27, 35, 15, 48, 14, 16, 46, 02
105/09/23, 01, 43, 33, 29, 31, 02, 40
105/09/20, 22, 07, 17, 44, 04, 45, 32
105/09/16, 34, 31, 49, 30, 17, 23, 36
105/09/13, 03, 41, 16, 40, 22, 33, 39
105/09/09, 41, 12, 01, 44, 36, 35, 21
105/09/06, 07, 04, 28, 20, 45, 23, 35
105/09/02, 09, 45, 46, 11, 20, 21, 42
105/10/28, 10, 38, 13, 01, 33, 37, 40
105/10/25, 34, 15, 25, 27, 33, 05, 43
105/10/21, 33, 32, 02, 08, 21, 37, 15
105/10/18, 44, 15, 14, 47, 16, 24, 21
105/10/14, 23, 10, 30, 44, 29, 47, 07
105/10/11, 37, 39, 02, 08, 13, 14, 38
105/10/07, 10, 16, 30, 42, 33, 37, 43
105/10/04, 23, 11, 30, 35, 44, 40, 07
105/11/29, 03, 26, 28, 38, 40, 21, 42
105/11/25, 03, 28, 42, 01, 37, 22, 10
105/11/22, 34, 21, 25, 44, 01, 24, 19
105/11/18, 26, 06, 18, 25, 34, 24, 19
105/11/15, 08, 33, 41, 43, 25, 07, 06
105/11/11, 08, 28, 07, 32, 02, 22, 20
105/11/08, 22, 17, 06, 49, 11, 03, 44
105/11/04, 49, 38, 02, 03, 17, 28, 21
105/11/01, 11, 10, 49, 20, 15, 31, 44
105/12/30, 37, 06, 07, 47, 35, 38, 12
105/12/27, 40, 26, 29, 10, 31, 25, 02
105/12/23, 38, 42, 23, 28, 41, 08, 30
105/12/20, 35, 36, 46, 01, 29, 44, 06
105/12/16, 25, 36, 42, 19, 11, 34, 08
105/12/13, 36, 29, 49, 39, 33, 19, 06
105/12/09, 12, 38, 42, 49, 44, 28, 02
105/12/06, 46, 41, 30, 32, 27, 44, 42
105/12/02, 05, 25, 34, 26, 49, 40, 47
106/01/31, 11, 04, 33, 16, 46, 28, 17
106/01/30, 26, 10, 29, 19, 45, 43, 20
106/01/29, 09, 22, 03, 08, 14, 12, 46
106/01/28, 32, 25, 19, 20, 30, 01, 02
106/01/27, 01, 05, 49, 07, 35, 31, 42
106/01/24, 33, 09, 48, 01, 17, 31, 49
106/01/20, 01, 16, 05, 31, 41, 18, 13
106/01/17, 40, 28, 12, 04, 34, 17, 07
106/01/13, 19, 25, 27, 21, 38, 14, 22
106/01/10, 37, 14, 04, 46, 13, 39, 31
106/01/06, 35, 32, 12, 40, 14, 43, 17
106/01/03, 18, 41, 47, 49, 22, 42, 45
106/02/28, 19, 43, 30, 14, 15, 06, 31
106/02/24, 47, 35, 38, 12, 16, 41, 01
106/02/21, 48, 39, 32, 15, 08, 10, 43
106/02/17, 46, 49, 23, 21, 16, 06, 39
106/02/14, 10, 37, 11, 21, 28, 23, 24
106/02/10, 24, 07, 11, 12, 15, 26, 06
106/02/07, 19, 32, 06, 18, 23, 49, 21
106/02/03, 11, 02, 25, 33, 30, 29, 20
106/02/01, 04, 43, 09, 47, 32, 11, 44
106/03/31, 38, 22, 24, 17, 18, 25, 39
106/03/28, 32, 42, 44, 22, 37, 21, 38
106/03/24, 41, 49, 39, 24, 36, 45, 22
106/03/21, 32, 16, 43, 44, 27, 08, 07
106/03/17, 04, 25, 17, 40, 44, 36, 08
106/03/14, 32, 33, 20, 39, 17, 15, 21
106/03/10, 21, 41, 48, 11, 12, 35, 01
106/03/07, 22, 41, 31, 06, 12, 44, 02
106/03/03, 43, 02, 20, 37, 48, 16, 10
106/04/28, 03, 01, 31, 42, 19, 32, 43
106/04/25, 41, 17, 35, 32, 30, 16, 26
106/04/21, 28, 39, 22, 15, 05, 23, 25
106/04/18, 25, 21, 14, 39, 35, 36, 18
106/04/14, 29, 02, 03, 42, 04, 23, 14
106/04/11, 40, 22, 09, 47, 36, 31, 08
106/04/07, 31, 23, 37, 49, 19, 32, 26
106/04/04, 05, 34, 43, 17, 33, 44, 04
106/05/30, 07, 30, 31, 19, 14, 39, 40
106/05/26, 35, 16, 08, 14, 21, 19, 20
106/05/23, 02, 15, 10, 22, 26, 32, 42
106/05/19, 16, 21, 15, 46, 28, 23, 14
106/05/16, 06, 07, 14, 46, 29, 05, 24
106/05/12, 35, 09, 02, 25, 18, 22, 14
106/05/09, 16, 17, 21, 40, 20, 32, 15
106/05/05, 19, 49, 09, 01, 34, 18, 11
106/05/02, 27, 39, 24, 36, 23, 14, 13
106/06/30, 22, 08, 32, 12, 30, 36, 06
106/06/27, 11, 33, 47, 49, 46, 34, 38
106/06/23, 02, 41, 42, 12, 34, 08, 07
106/06/20, 12, 33, 01, 44, 29, 30, 19
106/06/16, 15, 26, 36, 45, 21, 01, 10
106/06/13, 36, 02, 43, 04, 17, 22, 40
106/06/09, 31, 37, 24, 46, 32, 26, 01
106/06/06, 48, 32, 16, 25, 14, 36, 12
106/06/02, 08, 23, 07, 03, 31, 30, 32
106/07/28, 11, 22, 13, 39, 18, 38, 03
106/07/25, 11, 23, 33, 30, 02, 42, 07
106/07/21, 42, 24, 12, 32, 47, 02, 29
106/07/18, 21, 42, 14, 13, 29, 48, 11
106/07/14, 18, 19, 25, 32, 16, 26, 22
106/07/11, 19, 39, 23, 06, 16, 33, 07
106/07/07, 18, 49, 30, 42, 40, 44, 08
106/07/04, 27, 21, 30, 28, 35, 04, 42
106/08/29, 31, 25, 49, 18, 05, 48, 44
106/08/25, 31, 01, 04, 24, 19, 28, 49
106/08/22, 10, 13, 36, 04, 45, 44, 05
106/08/18, 10, 07, 12, 38, 47, 35, 23
106/08/15, 27, 28, 33, 13, 42, 16, 11
106/08/11, 18, 37, 09, 08, 27, 02, 33
106/08/08, 06, 27, 09, 46, 34, 23, 20
106/08/04, 16, 45, 15, 26, 27, 39, 37
106/08/01, 30, 47, 02, 21, 42, 12, 31
106/09/29, 14, 36, 03, 33, 16, 21, 20
106/09/26, 19, 11, 22, 14, 10, 38, 42
106/09/22, 39, 47, 49, 18, 35, 43, 44
106/09/19, 40, 15, 02, 18, 12, 37, 39
106/09/15, 33, 16, 03, 37, 08, 11, 35
106/09/12, 36, 29, 45, 23, 07, 49, 14
106/09/08, 13, 19, 29, 15, 42, 08, 25
106/09/05, 33, 27, 23, 13, 17, 41, 02
106/09/01, 11, 14, 36, 16, 40, 05, 46
106/10/31, 46, 25, 39, 36, 04, 31, 02
106/10/27, 17, 40, 38, 22, 11, 02, 41
106/10/24, 02, 16, 05, 29, 03, 14, 32
106/10/20, 19, 42, 03, 08, 26, 18, 17
106/10/17, 01, 27, 19, 06, 11, 03, 05
106/10/13, 34, 46, 05, 08, 23, 44, 16
106/10/10, 28, 06, 39, 30, 31, 29, 33
106/10/06, 32, 41, 45, 04, 37, 28, 47
106/10/03, 15, 30, 44, 25, 33, 18, 38
106/11/28, 47, 09, 19, 46, 14, 17, 29
106/11/24, 08, 45, 04, 14, 41, 10, 38
106/11/21, 43, 23, 39, 28, 25, 04, 41
106/11/17, 46, 28, 39, 14, 19, 02, 45
106/11/14, 24, 47, 05, 25, 15, 44, 45
106/11/10, 26, 24, 35, 29, 10, 15, 12
106/11/07, 22, 05, 30, 48, 06, 12, 41
106/11/03, 36, 43, 08, 20, 33, 23, 02
106/12/29, 27, 15, 12, 11, 47, 20, 36
106/12/26, 20, 10, 07, 24, 08, 27, 19
106/12/22, 12, 31, 18, 21, 20, 37, 24
106/12/19, 03, 41, 14, 31, 18, 42, 02
106/12/15, 37, 31, 24, 17, 27, 19, 08
106/12/12, 28, 16, 37, 19, 41, 38, 10
106/12/08, 35, 05, 08, 01, 34, 10, 46
106/12/05, 37, 13, 01, 43, 41, 12, 49
106/12/01, 02, 03, 05, 48, 42, 28, 09
107/01/30, 31, 07, 15, 23, 36, 08, 30
107/01/26, 43, 47, 34, 32, 07, 23, 24
107/01/23, 12, 26, 34, 28, 02, 33, 44
107/01/19, 02, 26, 16, 13, 48, 22, 39
107/01/16, 36, 26, 32, 08, 39, 29, 23
107/01/12, 01, 14, 45, 07, 22, 40, 29
107/01/09, 24, 37, 22, 10, 02, 23, 42
107/01/05, 31, 29, 13, 17, 04, 44, 14
107/01/02, 46, 12, 36, 02, 06, 18, 47
107/02/27, 03, 23, 18, 28, 01, 44, 10
107/02/23, 03, 15, 41, 07, 18, 16, 42
107/02/20, 12, 34, 33, 40, 46, 38, 07
107/02/19, 07, 09, 19, 22, 36, 49, 29
107/02/18, 07, 46, 20, 28, 08, 34, 10
107/02/17, 47, 05, 17, 32, 03, 33, 36
107/02/16, 04, 41, 24, 07, 27, 23, 17
107/02/15, 48, 07, 37, 21, 22, 41, 15
107/02/13, 10, 19, 45, 04, 35, 26, 38
107/02/09, 20, 30, 21, 17, 45, 12, 09
107/02/06, 41, 27, 24, 43, 10, 06, 49
107/02/02, 02, 26, 10, 11, 01, 43, 40
107/03/30, 01, 44, 05, 47, 13, 43, 25
107/03/27, 13, 15, 38, 40, 24, 30, 44
107/03/23, 04, 13, 41, 34, 09, 32, 42
107/03/20, 30, 09, 41, 37, 23, 08, 31
107/03/16, 43, 03, 14, 17, 16, 46, 04
107/03/13, 20, 27, 38, 14, 28, 22, 19
107/03/09, 12, 18, 38, 27, 30, 15, 19
107/03/06, 13, 09, 42, 11, 17, 38, 29
107/03/02, 31, 48, 01, 17, 25, 12, 21
107/04/27, 30, 04, 48, 25, 27, 26, 11
107/04/24, 10, 19, 21, 35, 36, 09, 49
107/04/20, 33, 32, 10, 35, 14, 46, 43
107/04/17, 07, 41, 38, 16, 40, 31, 39
107/04/13, 25, 46, 12, 28, 01, 40, 39
107/04/10, 32, 41, 34, 07, 47, 27, 09
107/04/06, 07, 34, 25, 49, 47, 31, 26
107/04/03, 36, 34, 01, 32, 07, 22, 08
107/05/29, 11, 26, 37, 14, 41, 20, 02
107/05/25, 24, 42, 22, 01, 32, 06, 16
107/05/22, 29, 49, 13, 41, 24, 02, 45
107/05/18, 42, 41, 11, 38, 01, 36, 48
107/05/15, 13, 16, 02, 43, 12, 32, 24
107/05/11, 48, 25, 35, 37, 04, 11, 36
107/05/08, 08, 41, 03, 37, 22, 21, 46
107/05/04, 22, 30, 47, 36, 10, 33, 43
107/05/01, 08, 46, 29, 49, 33, 34, 19
107/06/29, 04, 27, 37, 13, 41, 30, 20
107/06/26, 44, 05, 11, 37, 23, 09, 24
107/06/22, 25, 11, 30, 06, 26, 07, 31
107/06/19, 09, 34, 08, 37, 42, 28, 15
107/06/15, 16, 28, 46, 44, 30, 25, 27
107/06/12, 02, 37, 03, 15, 14, 35, 29
107/06/08, 32, 17, 09, 02, 40, 31, 47
107/06/05, 26, 22, 25, 41, 02, 17, 16
107/06/01, 33, 26, 28, 16, 49, 42, 20
107/07/31, 31, 22, 15, 35, 20, 37, 14
107/07/27, 48, 35, 05, 17, 12, 19, 09
107/07/24, 24, 42, 49, 32, 25, 29, 12
107/07/20, 24, 45, 12, 39, 13, 09, 38
107/07/17, 41, 34, 11, 26, 20, 43, 09
107/07/13, 14, 46, 42, 31, 02, 21, 04
107/07/10, 11, 43, 24, 09, 39, 21, 07
107/07/06, 21, 47, 28, 02, 03, 32, 27
107/07/03, 11, 31, 09, 34, 20, 44, 10
107/08/31, 43, 37, 34, 15, 46, 12, 38
107/08/28, 08, 10, 39, 42, 11, 44, 27
107/08/24, 45, 31, 07, 03, 09, 39, 35
107/08/21, 31, 12, 17, 28, 34, 08, 01
107/08/17, 14, 03, 19, 21, 35, 48, 13
107/08/14, 49, 16, 17, 25, 15, 34, 05
107/08/10, 05, 36, 48, 18, 07, 16, 37
107/08/07, 19, 46, 13, 25, 30, 12, 05
107/08/03, 35, 30, 04, 40, 06, 43, 13
107/09/28, 27, 07, 37, 20, 01, 02, 19
107/09/25, 39, 46, 19, 25, 40, 27, 06
107/09/21, 03, 29, 45, 10, 05, 11, 25
107/09/18, 45, 41, 11, 36, 34, 23, 43
107/09/14, 19, 29, 37, 46, 45, 36, 18
107/09/11, 44, 25, 18, 14, 16, 23, 41
107/09/07, 08, 44, 37, 21, 02, 14, 49
107/09/04, 10, 06, 49, 42, 04, 15, 12
107/10/30, 28, 47, 09, 03, 39, 32, 07
107/10/26, 10, 41, 23, 46, 08, 33, 48
107/10/23, 42, 20, 43, 09, 13, 06, 21
107/10/19, 18, 07, 49, 32, 20, 42, 24
107/10/16, 46, 01, 39, 49, 24, 40, 33
107/10/12, 07, 06, 04, 20, 21, 12, 29
107/10/09, 13, 16, 08, 23, 41, 35, 21
107/10/05, 10, 42, 44, 03, 47, 09, 05
107/10/02, 08, 47, 42, 16, 33, 02, 14
107/11/30, 20, 14, 45, 29, 27, 05, 07
107/11/27, 27, 36, 43, 44, 41, 33, 31
107/11/23, 07, 43, 37, 20, 34, 21, 05
107/11/20, 04, 31, 34, 44, 36, 40, 20
107/11/16, 23, 07, 30, 38, 49, 11, 45
107/11/13, 07, 36, 35, 42, 43, 21, 10
107/11/09, 48, 12, 15, 14, 22, 04, 28
107/11/06, 26, 02, 05, 38, 39, 29, 07
107/11/02, 05, 32, 41, 18, 16, 47, 02
107/12/28, 35, 44, 23, 11, 07, 19, 33
107/12/25, 27, 07, 28, 32, 26, 30, 44
107/12/21, 49, 21, 41, 05, 19, 34, 42
107/12/18, 15, 11, 33, 08, 05, 37, 03
107/12/14, 14, 06, 09, 38, 19, 49, 20
107/12/11, 07, 15, 47, 21, 27, 12, 48
107/12/07, 11, 33, 36, 29, 20, 34, 18
107/12/04, 03, 12, 06, 20, 17, 16, 14
108/01/29, 14, 30, 24, 48, 20, 44, 31
108/01/25, 10, 45, 15, 14, 20, 03, 02
108/01/22, 20, 36, 02, 42, 37, 46, 29
108/01/18, 30, 10, 04, 45, 39, 05, 14
108/01/15, 12, 40, 38, 20, 41, 30, 10
108/01/11, 42, 22, 31, 20, 34, 13, 09
108/01/08, 39, 19, 43, 21, 28, 04, 18
108/01/04, 47, 08, 20, 48, 07, 06, 30
108/01/01, 42, 25, 18, 24, 23, 39, 48
108/02/26, 34, 38, 42, 17, 22, 06, 20
108/02/22, 48, 43, 22, 20, 45, 06, 11
108/02/19, 43, 24, 04, 03, 01, 32, 37
108/02/15, 40, 01, 46, 44, 03, 48, 02
108/02/12, 16, 45, 30, 19, 11, 29, 01
108/02/10, 47, 14, 22, 08, 05, 19, 24
108/02/09, 18, 30, 19, 06, 08, 20, 22
108/02/08, 42, 14, 36, 13, 32, 08, 05
108/02/07, 40, 21, 07, 33, 29, 41, 08
108/02/06, 17, 29, 32, 23, 39, 28, 12
108/02/05, 18, 45, 13, 34, 30, 49, 33
108/02/04, 24, 34, 06, 32, 36, 08, 49
108/02/03, 12, 37, 36, 28, 40, 24, 06
108/02/02, 22, 46, 49, 35, 07, 02, 41
108/02/01, 21, 41, 32, 10, 17, 20, 34
108/03/29, 01, 12, 49, 03, 29, 16, 04
108/03/26, 14, 06, 24, 19, 13, 38, 26
108/03/22, 37, 12, 01, 47, 41, 16, 36
108/03/19, 07, 16, 48, 36, 17, 47, 49
108/03/15, 05, 12, 28, 20, 36, 10, 15
108/03/12, 05, 22, 07, 37, 40, 45, 12
108/03/08, 31, 03, 48, 11, 15, 25, 36
108/03/05, 13, 42, 12, 43, 16, 21, 39
108/03/01, 27, 08, 45, 40, 14, 01, 34
108/04/30, 24, 49, 47, 01, 19, 04, 36
108/04/26, 37, 29, 08, 24, 48, 44, 06
108/04/23, 30, 14, 08, 16, 18, 35, 36
108/04/19, 29, 24, 11, 45, 04, 32, 49
108/04/16, 01, 41, 23, 14, 36, 39, 04
108/04/12, 32, 26, 34, 46, 45, 12, 14
108/04/09, 45, 44, 10, 36, 37, 46, 48
108/04/05, 28, 38, 49, 29, 43, 11, 22
108/04/02, 28, 05, 40, 38, 47, 41, 25
108/05/31, 21, 08, 15, 36, 31, 46, 18
108/05/28, 03, 22, 40, 11, 38, 36, 07
108/05/24, 19, 21, 29, 39, 12, 13, 41
108/05/21, 46, 18, 07, 41, 32, 10, 42
108/05/17, 45, 12, 23, 02, 21, 07, 10
108/05/14, 40, 15, 09, 28, 27, 43, 45
108/05/10, 37, 27, 31, 33, 11, 17, 12
108/05/07, 35, 29, 02, 23, 14, 43, 22
108/05/03, 06, 07, 19, 32, 31, 40, 15
108/06/28, 33, 26, 09, 13, 15, 31, 10
108/06/25, 38, 31, 36, 08, 45, 20, 33
108/06/21, 30, 31, 32, 12, 26, 07, 13
108/06/18, 16, 29, 05, 45, 27, 33, 28
108/06/14, 10, 37, 12, 24, 22, 06, 03
108/06/11, 40, 39, 42, 32, 31, 06, 28
108/06/07, 38, 18, 22, 27, 30, 26, 45
108/06/04, 23, 05, 06, 48, 19, 43, 07
108/07/30, 35, 12, 21, 33, 04, 24, 42
108/07/26, 48, 36, 04, 41, 40, 11, 49
108/07/23, 12, 14, 37, 42, 47, 35, 06
108/07/19, 12, 33, 39, 26, 17, 35, 10
108/07/16, 37, 31, 30, 15, 48, 39, 08
108/07/12, 19, 37, 47, 18, 14, 12, 30
108/07/09, 41, 37, 20, 34, 17, 11, 06
108/07/05, 32, 46, 33, 11, 38, 17, 15
108/07/02, 02, 39, 33, 42, 04, 11, 19
108/08/30, 42, 06, 26, 44, 48, 35, 07
108/08/27, 08, 04, 01, 45, 10, 47, 41
108/08/23, 42, 05, 17, 43, 21, 19, 16
108/08/20, 19, 35, 42, 16, 01, 27, 41
108/08/16, 31, 45, 08, 07, 33, 41, 39
108/08/13, 32, 05, 41, 25, 21, 36, 33
108/08/09, 04, 18, 26, 13, 48, 41, 33
108/08/06, 20, 10, 49, 37, 38, 01, 31
108/08/02, 48, 49, 46, 34, 05, 42, 14
108/09/27, 37, 10, 21, 26, 35, 25, 04
108/09/24, 39, 18, 20, 22, 16, 02, 21
108/09/20, 08, 31, 24, 34, 23, 17, 25
108/09/17, 41, 40, 48, 29, 12, 18, 24
108/09/13, 15, 07, 37, 27, 02, 39, 43
108/09/10, 12, 17, 20, 38, 29, 03, 47
108/09/06, 43, 14, 20, 19, 26, 02, 23
108/09/03, 32, 25, 11, 13, 33, 48, 31
108/10/29, 10, 12, 41, 36, 03, 22, 18
108/10/25, 03, 26, 08, 36, 14, 16, 41
108/10/22, 22, 23, 17, 32, 06, 42, 13
108/10/18, 36, 40, 39, 32, 23, 03, 49
108/10/15, 13, 21, 38, 28, 37, 35, 33
108/10/11, 07, 37, 21, 17, 12, 30, 49
108/10/08, 18, 34, 21, 13, 26, 07, 08
108/10/04, 48, 23, 33, 10, 21, 42, 41
108/10/01, 02, 20, 15, 49, 12, 09, 40
108/11/29, 21, 30, 10, 24, 45, 35, 22
108/11/26, 19, 08, 10, 15, 36, 45, 37
108/11/22, 03, 23, 18, 26, 24, 49, 32
108/11/19, 38, 35, 05, 15, 30, 47, 18
108/11/15, 44, 16, 11, 03, 26, 06, 31
108/11/12, 19, 27, 25, 40, 01, 31, 12
108/11/08, 09, 47, 03, 26, 40, 01, 15
108/11/05, 22, 37, 13, 42, 09, 40, 26
108/11/01, 41, 42, 33, 23, 15, 12, 11
108/12/31, 14, 38, 26, 39, 47, 10, 08
108/12/27, 17, 25, 18, 32, 45, 43, 05
108/12/24, 18, 48, 31, 45, 09, 49, 22
108/12/20, 28, 16, 46, 21, 22, 32, 24
108/12/17, 21, 38, 27, 49, 31, 09, 03
108/12/13, 12, 49, 07, 26, 31, 37, 17
108/12/10, 48, 41, 18, 19, 08, 03, 36
108/12/06, 24, 22, 16, 23, 41, 18, 39
108/12/03, 09, 36, 11, 05, 45, 15, 27
109/01/31, 16, 19, 49, 32, 28, 14, 01
109/01/30, 46, 35, 24, 49, 41, 06, 09
109/01/29, 14, 15, 01, 04, 09, 49, 32
109/01/28, 20, 28, 03, 38, 13, 02, 40
109/01/27, 09, 33, 45, 12, 23, 39, 24
109/01/26, 03, 29, 28, 35, 41, 47, 48
109/01/25, 05, 16, 45, 13, 41, 31, 09
109/01/24, 21, 18, 07, 44, 13, 38, 03
109/01/23, 13, 48, 18, 30, 44, 23, 37
109/01/21, 30, 38, 17, 48, 44, 22, 36
109/01/17, 20, 45, 07, 42, 09, 44, 08
109/01/14, 07, 38, 34, 37, 47, 20, 18
109/01/10, 38, 04, 12, 33, 17, 07, 11
109/01/07, 01, 38, 16, 15, 05, 08, 07
109/01/03, 18, 16, 29, 19, 30, 47, 10
109/02/28, 02, 18, 09, 48, 46, 27, 25
109/02/25, 02, 48, 47, 08, 01, 44, 09
109/02/21, 13, 15, 34, 39, 35, 27, 31
109/02/18, 13, 31, 42, 04, 37, 35, 49
109/02/14, 33, 13, 36, 35, 23, 07, 09
109/02/11, 22, 43, 09, 37, 46, 23, 38
109/02/07, 19, 42, 05, 15, 22, 30, 31
109/02/04, 28, 03, 23, 48, 37, 27, 08
109/02/02, 17, 16, 03, 33, 37, 30, 29
109/02/01, 26, 20, 34, 12, 10, 02, 28
109/03/31, 49, 06, 26, 21, 36, 34, 23
109/03/27, 49, 08, 23, 02, 16, 10, 41
109/03/24, 45, 12, 10, 29, 41, 16, 01
109/03/20, 13, 43, 01, 08, 48, 46, 29
109/03/17, 17, 29, 28, 10, 47, 43, 04
109/03/13, 14, 33, 34, 22, 49, 32, 31
109/03/10, 01, 12, 34, 37, 04, 25, 42
109/03/06, 16, 13, 15, 30, 08, 12, 45
109/03/03, 08, 28, 17, 11, 42, 10, 40
109/04/28, 48, 29, 16, 39, 43, 36, 42
109/04/24, 39, 07, 14, 17, 15, 10, 45
109/04/21, 29, 47, 01, 02, 45, 33, 39
109/04/17, 33, 31, 01, 21, 44, 42, 22
109/04/14, 19, 26, 33, 45, 17, 21, 12
109/04/10, 13, 47, 33, 48, 41, 49, 01
109/04/07, 04, 27, 44, 12, 18, 07, 23
109/04/03, 02, 45, 32, 43, 47, 17, 34
109/05/29, 31, 49, 45, 40, 39, 35, 41
109/05/26, 29, 25, 38, 01, 33, 05, 19
109/05/22, 13, 03, 46, 07, 10, 39, 29
109/05/19, 40, 27, 33, 43, 44, 32, 37
109/05/15, 45, 40, 31, 06, 11, 42, 43
109/05/12, 35, 01, 08, 36, 05, 11, 26
109/05/08, 09, 08, 24, 10, 27, 31, 33
109/05/05, 24, 19, 49, 43, 36, 17, 26
109/05/01, 18, 49, 34, 48, 05, 25, 45
109/06/30, 31, 29, 49, 43, 46, 26, 06
109/06/26, 10, 41, 37, 12, 16, 40, 05
109/06/23, 16, 45, 27, 01, 22, 02, 13
109/06/19, 25, 01, 16, 46, 15, 43, 06
109/06/16, 46, 13, 06, 20, 23, 29, 42
109/06/12, 48, 33, 28, 01, 30, 06, 27
109/06/09, 28, 35, 47, 17, 36, 08, 41
109/06/05, 03, 26, 08, 49, 05, 24, 19
109/06/02, 01, 06, 22, 33, 48, 25, 19
109/07/31, 45, 19, 18, 16, 33, 17, 25
109/07/28, 35, 08, 23, 22, 29, 10, 02
109/07/24, 37, 21, 35, 20, 02, 24, 09
109/07/21, 25, 36, 03, 33, 16, 31, 14
109/07/17, 30, 25, 15, 05, 41, 06, 29
109/07/14, 49, 29, 32, 10, 04, 24, 43
109/07/10, 05, 04, 22, 49, 27, 46, 41
109/07/07, 46, 04, 44, 34, 22, 17, 13
109/07/03, 24, 40, 20, 19, 13, 45, 33
109/08/28, 23, 13, 36, 14, 19, 22, 24
109/08/25, 46, 02, 23, 48, 28, 35, 33
109/08/21, 05, 40, 45, 14, 46, 44, 32
109/08/18, 47, 22, 30, 43, 04, 45, 15
109/08/14, 33, 31, 25, 16, 24, 20, 37
109/08/11, 47, 44, 42, 08, 40, 12, 05
109/08/07, 19, 45, 44, 09, 06, 40, 01
109/08/04, 31, 01, 11, 33, 05, 19, 06
109/09/29, 33, 07, 42, 47, 08, 01, 31
109/09/25, 10, 39, 48, 36, 31, 35, 27
109/09/22, 04, 05, 24, 08, 03, 29, 07
109/09/18, 29, 32, 44, 43, 30, 03, 35
109/09/15, 29, 32, 48, 07, 37, 16, 21
109/09/11, 29, 39, 26, 01, 49, 48, 09
109/09/08, 26, 02, 20, 01, 48, 09, 36
109/09/04, 13, 39, 02, 43, 09, 11, 35
109/09/01, 08, 06, 43, 38, 02, 01, 24
109/10/30, 06, 13, 10, 45, 19, 40, 07
109/10/27, 02, 09, 30, 28, 32, 19, 35
109/10/23, 35, 03, 20, 25, 09, 26, 39
109/10/20, 05, 28, 39, 17, 18, 30, 13
109/10/16, 07, 44, 28, 25, 47, 33, 19
109/10/13, 27, 15, 39, 01, 03, 41, 20
109/10/09, 47, 42, 25, 19, 02, 07, 06
109/10/06, 23, 04, 22, 05, 34, 40, 37
109/10/02, 16, 11, 24, 26, 15, 18, 46
109/11/27, 35, 30, 26, 19, 01, 48, 11
109/11/24, 45, 29, 36, 05, 38, 44, 23
109/11/20, 35, 27, 29, 16, 37, 48, 31
109/11/17, 20, 18, 06, 38, 14, 41, 29
109/11/13, 12, 29, 09, 15, 07, 25, 47
109/11/10, 28, 29, 17, 05, 21, 19, 43
109/11/06, 09, 39, 44, 25, 46, 05, 02
109/11/03, 32, 11, 15, 06, 30, 44, 29
109/12/29, 33, 34, 10, 39, 14, 35, 40
109/12/25, 30, 29, 05, 06, 01, 19, 39
109/12/22, 31, 22, 20, 30, 45, 25, 02
109/12/18, 30, 26, 02, 24, 41, 11, 01
109/12/15, 21, 48, 02, 06, 43, 17, 41
109/12/11, 37, 36, 42, 43, 17, 08, 34
109/12/08, 15, 02, 31, 04, 10, 45, 17
109/12/04, 13, 02, 27, 30, 44, 41, 40
109/12/01, 37, 04, 49, 44, 29, 22, 30
110/01/29, 40, 22, 14, 31, 30, 39, 49
110/01/26, 08, 20, 23, 43, 46, 37, 44
110/01/22, 45, 30, 07, 34, 46, 36, 43
110/01/19, 29, 31, 15, 33, 47, 41, 37
110/01/15, 44, 04, 08, 03, 11, 42, 21
110/01/12, 28, 10, 01, 20, 44, 37, 33
110/01/08, 04, 43, 26, 47, 18, 24, 33
110/01/05, 17, 08, 43, 20, 13, 48, 38
110/01/01, 37, 46, 41, 05, 49, 42, 18
110/02/26, 23, 42, 13, 22, 39, 04, 26
110/02/23, 20, 06, 18, 42, 01, 19, 43
110/02/21, 18, 32, 25, 27, 39, 09, 40
110/02/20, 10, 06, 47, 26, 11, 01, 22
110/02/19, 45, 28, 02, 36, 40, 31, 24
110/02/18, 09, 03, 48, 01, 42, 41, 27
110/02/17, 26, 49, 13, 24, 45, 02, 10
110/02/16, 46, 09, 37, 11, 12, 01, 43
110/02/15, 40, 10, 08, 33, 04, 18, 02
110/02/14, 17, 45, 16, 38, 12, 01, 32
110/02/13, 43, 40, 13, 30, 46, 37, 05
110/02/12, 06, 10, 48, 44, 12, 05, 36
110/02/11, 18, 07, 41, 47, 17, 26, 39
110/02/10, 03, 42, 41, 18, 34, 24, 37
110/02/09, 43, 12, 06, 27, 01, 03, 02
110/02/05, 09, 19, 05, 33, 35, 31, 32
110/02/02, 47, 38, 14, 34, 35, 43, 40
110/03/30, 22, 17, 23, 31, 25, 33, 03
110/03/26, 15, 37, 30, 21, 24, 38, 34
110/03/23, 49, 28, 45, 02, 15, 43, 35
110/03/19, 19, 38, 07, 48, 28, 35, 08
110/03/16, 30, 19, 43, 24, 22, 08, 13
110/03/12, 08, 26, 46, 21, 33, 30, 45
110/03/09, 08, 36, 09, 13, 29, 46, 23
110/03/05, 29, 38, 06, 08, 48, 14, 35
110/03/02, 30, 27, 11, 24, 07, 05, 12
110/04/30, 47, 22, 04, 46, 42, 14, 21
110/04/27, 20, 08, 23, 39, 34, 05, 31
110/04/23, 37, 20, 23, 46, 18, 32, 39
110/04/20, 05, 15, 09, 07, 26, 24, 12
110/04/16, 21, 46, 33, 10, 16, 07, 02
110/04/13, 35, 11, 31, 25, 42, 32, 41
110/04/09, 18, 06, 35, 09, 29, 25, 46
110/04/06, 22, 01, 38, 28, 34, 26, 35
110/04/02, 21, 42, 25, 40, 30, 17, 26
110/05/28, 46, 43, 04, 23, 18, 12, 07
110/05/25, 44, 48, 38, 46, 31, 15, 21
110/05/21, 29, 02, 25, 27, 04, 26, 41
110/05/18, 11, 43, 18, 35, 15, 16, 46
110/05/14, 14, 48, 43, 30, 02, 13, 17
110/05/11, 35, 07, 42, 05, 27, 09, 19
110/05/07, 26, 12, 36, 35, 22, 49, 32
110/05/04, 27, 19, 37, 15, 17, 05, 42
110/06/29, 23, 38, 25, 01, 30, 45, 14
110/06/25, 04, 37, 01, 38, 41, 09, 40
110/06/22, 45, 43, 27, 17, 48, 14, 41
110/06/18, 18, 43, 22, 41, 02, 25, 14
110/06/15, 09, 11, 34, 45, 41, 23, 49
110/06/11, 07, 27, 44, 23, 09, 16, 46
110/06/08, 36, 06, 38, 26, 04, 47, 43
110/06/04, 28, 32, 24, 41, 07, 08, 10
110/06/01, 26, 41, 09, 01, 02, 35, 46
110/07/30, 02, 46, 43, 29, 19, 15, 23
110/07/27, 03, 46, 43, 42, 30, 28, 15
110/07/23, 38, 31, 07, 15, 24, 23, 09
110/07/20, 32, 08, 49, 01, 44, 41, 23
110/07/16, 39, 16, 19, 13, 17, 44, 42
110/07/13, 33, 09, 14, 48, 17, 23, 04
110/07/09, 29, 03, 13, 27, 26, 24, 09
110/07/06, 42, 25, 44, 19, 32, 13, 02
110/07/02, 29, 04, 25, 09, 11, 27, 22
110/08/31, 43, 23, 49, 07, 14, 47, 48
110/08/27, 16, 08, 43, 35, 11, 32, 41
110/08/24, 36, 01, 41, 17, 40, 05, 38
110/08/20, 03, 06, 18, 11, 13, 37, 46
110/08/17, 33, 11, 29, 41, 02, 44, 40
110/08/13, 19, 05, 41, 33, 06, 24, 03
110/08/10, 16, 01, 03, 17, 24, 25, 46
110/08/06, 39, 32, 03, 29, 04, 15, 38
110/08/03, 27, 17, 30, 42, 38, 44, 24
110/09/28, 27, 36, 24, 47, 23, 49, 40
110/09/24, 04, 10, 39, 42, 21, 30, 22
110/09/21, 34, 28, 31, 02, 16, 13, 21
110/09/17, 35, 18, 12, 45, 37, 07, 44
110/09/14, 13, 18, 40, 41, 09, 22, 49
110/09/10, 28, 01, 16, 41, 05, 15, 44
110/09/07, 27, 48, 45, 04, 20, 26, 37
110/09/03, 18, 21, 24, 32, 41, 01, 12
110/10/29, 42, 02, 17, 36, 09, 28, 46
110/10/26, 26, 49, 21, 18, 47, 14, 30
110/10/22, 25, 13, 46, 27, 38, 08, 12
110/10/19, 39, 21, 35, 26, 47, 20, 16
110/10/15, 37, 02, 26, 21, 25, 12, 10
110/10/12, 26, 28, 31, 14, 01, 06, 30
110/10/08, 18, 19, 37, 44, 34, 20, 10
110/10/05, 46, 23, 47, 03, 11, 01, 45
110/10/01, 49, 22, 02, 09, 16, 41, 07
110/11/30, 09, 26, 10, 31, 49, 40, 08
110/11/26, 15, 30, 10, 21, 16, 22, 14
110/11/23, 13, 32, 07, 37, 33, 06, 42
110/11/19, 16, 36, 17, 15, 23, 13, 29
110/11/16, 23, 34, 06, 44, 43, 41, 38
110/11/12, 25, 37, 02, 47, 03, 27, 26
110/11/09, 09, 14, 20, 42, 39, 26, 05
110/11/05, 16, 40, 26, 44, 30, 18, 13
110/11/02, 17, 01, 12, 43, 37, 21, 47
110/12/31, 14, 34, 05, 37, 09, 28, 35
110/12/28, 11, 01, 02, 21, 08, 45, 16
110/12/24, 19, 27, 11, 02, 44, 07, 22
110/12/21, 27, 44, 31, 48, 05, 04, 33
110/12/17, 35, 11, 02, 40, 37, 30, 13
110/12/14, 30, 14, 07, 21, 36, 27, 43
110/12/10, 24, 27, 40, 03, 15, 21, 13
110/12/07, 43, 44, 21, 30, 19, 48, 08
110/12/03, 41, 35, 08, 14, 36, 13, 05
111/01/31, 14, 33, 43, 44, 32, 04, 49
111/01/30, 23, 15, 08, 20, 22, 03, 36
111/01/29, 01, 23, 34, 02, 20, 26, 19
111/01/28, 12, 44, 36, 41, 07, 42, 29
111/01/25, 15, 10, 35, 27, 02, 09, 44
111/01/21, 15, 42, 27, 37, 26, 34, 47
111/01/18, 19, 48, 33, 35, 22, 38, 11
111/01/14, 24, 05, 26, 35, 14, 13, 39
111/01/11, 49, 36, 17, 13, 10, 11, 41
111/01/07, 31, 15, 06, 39, 09, 38, 25
111/01/04, 07, 04, 19, 43, 03, 22, 36
111/02/25, 17, 26, 18, 38, 49, 21, 20
111/02/22, 22, 03, 37, 21, 40, 34, 05
111/02/18, 47, 36, 48, 16, 39, 20, 35
111/02/15, 18, 42, 26, 40, 23, 27, 03
111/02/11, 46, 44, 24, 30, 23, 42, 48
111/02/10, 41, 25, 27, 44, 22, 01, 03
111/02/09, 11, 35, 02, 45, 07, 18, 25
111/02/08, 23, 33, 38, 49, 29, 05, 24
111/02/07, 32, 45, 18, 03, 23, 40, 38
111/02/06, 29, 34, 12, 42, 38, 24, 33
111/02/05, 41, 49, 04, 36, 02, 13, 16
111/02/04, 18, 29, 01, 38, 21, 36, 16
111/02/03, 22, 09, 34, 05, 36, 18, 11
111/02/02, 06, 33, 11, 18, 23, 41, 39
111/02/01, 25, 45, 47, 08, 44, 34, 24
111/03/29, 43, 16, 29, 24, 27, 21, 41
111/03/25, 45, 47, 49, 14, 22, 17, 26
111/03/22, 49, 26, 36, 21, 43, 07, 16
111/03/18, 42, 44, 26, 15, 02, 21, 45
111/03/15, 47, 46, 01, 33, 31, 37, 36
111/03/11, 04, 24, 08, 15, 03, 21, 29
111/03/08, 44, 19, 13, 16, 14, 30, 20
111/03/04, 01, 03, 31, 30, 29, 18, 26
111/03/01, 07, 19, 31, 24, 45, 17, 38
111/04/29, 12, 44, 25, 48, 18, 14, 45
111/04/26, 42, 31, 49, 32, 12, 43, 36
111/04/22, 28, 32, 47, 49, 36, 03, 16
111/04/19, 20, 18, 30, 05, 41, 04, 23
111/04/15, 02, 30, 09, 11, 14, 15, 22
111/04/12, 18, 22, 17, 40, 42, 14, 37
111/04/08, 29, 10, 44, 15, 31, 19, 23
111/04/05, 27, 33, 24, 31, 08, 15, 13
111/04/01, 38, 20, 11, 34, 03, 10, 04
111/05/31, 11, 25, 28, 17, 10, 27, 31
111/05/27, 18, 04, 11, 39, 46, 37, 27
111/05/24, 24, 19, 45, 35, 46, 04, 02
111/05/20, 12, 05, 22, 08, 49, 42, 46
111/05/17, 37, 09, 28, 22, 29, 34, 36
111/05/13, 36, 24, 37, 10, 48, 27, 29
111/05/10, 11, 48, 02, 32, 24, 20, 27
111/05/06, 49, 01, 05, 28, 45, 19, 29
111/05/03, 23, 14, 21, 19, 18, 16, 03
111/06/28, 21, 25, 41, 45, 42, 24, 34
111/06/24, 29, 40, 43, 03, 26, 18, 13
111/06/21, 20, 34, 14, 41, 03, 44, 43
111/06/17, 46, 28, 30, 07, 47, 11, 48
111/06/14, 29, 03, 09, 47, 28, 20, 35
111/06/10, 05, 38, 10, 13, 28, 29, 34
111/06/07, 31, 19, 04, 18, 17, 44, 46
111/06/03, 48, 42, 43, 04, 39, 11, 44
111/07/29, 37, 12, 21, 18, 19, 33, 15
111/07/26, 10, 27, 39, 17, 29, 12, 47
111/07/22, 12, 30, 38, 24, 11, 33, 31
111/07/19, 41, 40, 09, 29, 16, 23, 43
111/07/15, 14, 41, 15, 49, 27, 43, 39
111/07/12, 17, 14, 07, 20, 29, 45, 30
111/07/08, 35, 05, 09, 15, 44, 40, 10
111/07/05, 45, 26, 47, 08, 38, 03, 35
111/07/01, 43, 29, 20, 34, 14, 32, 02
111/08/30, 16, 08, 05, 27, 45, 35, 37
111/08/26, 16, 30, 42, 38, 04, 17, 05
111/08/23, 47, 25, 24, 06, 49, 23, 05
111/08/19, 03, 04, 28, 41, 21, 10, 15
111/08/16, 18, 31, 11, 16, 07, 01, 24
111/08/12, 04, 21, 07, 37, 15, 43, 05
111/08/09, 33, 11, 30, 21, 09, 23, 34
111/08/05, 30, 18, 46, 21, 05, 43, 26
111/08/02, 29, 37, 02, 26, 28, 48, 05
111/09/30, 34, 39, 28, 05, 12, 18, 24
111/09/27, 34, 43, 40, 17, 10, 28, 29
111/09/23, 48, 12, 30, 44, 02, 31, 46
111/09/20, 35, 13, 11, 29, 24, 43, 01
111/09/16, 02, 31, 44, 07, 06, 27, 28
111/09/13, 10, 34, 21, 15, 48, 07, 38
111/09/09, 36, 07, 17, 39, 28, 15, 01
111/09/06, 49, 32, 36, 26, 38, 35, 39
111/09/02, 23, 36, 45, 43, 25, 20, 38
111/10/28, 32, 23, 25, 17, 18, 19, 26
111/10/25, 43, 48, 32, 49, 18, 36, 23
111/10/21, 20, 49, 36, 37, 42, 11, 03
111/10/18, 27, 38, 39, 01, 47, 14, 49
111/10/14, 25, 32, 36, 01, 11, 13, 30
111/10/11, 01, 42, 46, 23, 03, 25, 02
111/10/07, 26, 15, 16, 05, 30, 10, 12
111/10/04, 49, 43, 14, 23, 34, 13, 44
111/11/29, 37, 46, 49, 34, 06, 21, 18
111/11/25, 26, 35, 14, 20, 41, 15, 36
111/11/22, 48, 13, 05, 27, 24, 18, 32
111/11/18, 37, 44, 10, 27, 17, 45, 22
111/11/15, 26, 34, 29, 19, 20, 39, 04
111/11/11, 36, 20, 10, 48, 19, 02, 37
111/11/08, 47, 39, 37, 44, 15, 18, 43
111/11/04, 36, 23, 21, 30, 11, 47, 06
111/11/01, 32, 34, 17, 24, 28, 40, 03
111/12/30, 46, 05, 08, 17, 20, 14, 07
111/12/27, 16, 03, 11, 21, 22, 39, 04
111/12/23, 39, 35, 32, 13, 34, 09, 01
111/12/20, 03, 04, 29, 16, 32, 12, 39
111/12/16, 12, 49, 40, 11, 06, 47, 28
111/12/13, 33, 09, 47, 14, 12, 06, 34
111/12/09, 48, 22, 40, 45, 16, 10, 31
111/12/06, 27, 42, 15, 10, 39, 32, 28
111/12/02, 28, 40, 45, 41, 08, 22, 34
112/01/31, 33, 26, 01, 36, 40, 42, 37
112/01/30, 18, 41, 43, 39, 23, 07, 25
112/01/29, 27, 02, 09, 15, 08, 31, 42
112/01/28, 23, 30, 01, 19, 48, 35, 45
112/01/27, 28, 04, 13, 33, 38, 39, 42
112/01/26, 40, 10, 42, 13, 21, 12, 49
112/01/25, 03, 27, 08, 24, 23, 02, 14
112/01/24, 20, 30, 32, 02, 18, 04, 10
112/01/23, 23, 35, 07, 34, 10, 18, 09
112/01/22, 22, 10, 27, 08, 29, 06, 23
112/01/21, 23, 16, 05, 25, 01, 21, 30
112/01/20, 27, 34, 25, 16, 42, 31, 06
112/01/17, 17, 42, 24, 36, 05, 23, 16
112/01/13, 23, 05, 24, 44, 21, 40, 17
112/01/10, 30, 41, 22, 42, 15, 21, 24
112/01/06, 29, 43, 22, 36, 46, 19, 30
112/01/03, 39, 02, 08, 19, 24, 04, 28
112/02/28, 02, 35, 11, 26, 27, 25, 10
112/02/24, 48, 39, 15, 40, 38, 45, 02
112/02/21, 11, 46, 06, 05, 26, 01, 41
112/02/17, 09, 07, 14, 16, 33, 26, 27
112/02/14, 30, 31, 23, 11, 22, 49, 14
112/02/10, 24, 07, 46, 28, 11, 33, 03
112/02/07, 08, 28, 03, 18, 47, 11, 05
112/02/05, 33, 05, 19, 42, 38, 25, 41
112/02/04, 22, 20, 14, 02, 21, 49, 38
112/02/03, 44, 25, 29, 14, 03, 45, 46
112/02/02, 08, 31, 45, 13, 21, 19, 37
112/02/01, 33, 19, 08, 05, 23, 46, 48
112/03/31, 26, 10, 47, 22, 45, 29, 41
112/03/28, 10, 03, 35, 37, 26, 44, 15
112/03/24, 02, 14, 40, 26, 34, 46, 13
112/03/21, 30, 20, 03, 45, 11, 41, 28
112/03/17, 10, 24, 06, 07, 40, 29, 16
112/03/14, 03, 20, 37, 12, 11, 04, 05
112/03/10, 32, 19, 40, 29, 39, 15, 35
112/03/07, 23, 41, 17, 32, 25, 13, 16
112/03/03, 16, 18, 34, 13, 42, 22, 14
112/04/28, 31, 38, 05, 41, 43, 47, 28
112/04/25, 41, 05, 27, 13, 12, 28, 37
112/04/21, 27, 43, 25, 07, 11, 23, 05
112/04/18, 06, 41, 28, 43, 10, 08, 45
112/04/14, 22, 35, 23, 49, 10, 46, 02
112/04/11, 31, 12, 37, 09, 33, 30, 25
112/04/07, 39, 32, 20, 11, 04, 25, 30
112/04/04, 35, 10, 47, 33, 19, 21, 09
112/05/30, 43, 45, 06, 05, 09, 29, 27
112/05/26, 36, 05, 30, 15, 10, 12, 26
112/05/23, 23, 20, 46, 05, 38, 44, 33
112/05/19, 05, 44, 38, 08, 09, 35, 31
112/05/16, 19, 38, 43, 01, 34, 26, 48
112/05/12, 18, 09, 48, 07, 02, 20, 14
112/05/09, 01, 22, 21, 44, 31, 29, 03
112/05/05, 48, 16, 10, 21, 19, 13, 30
112/05/02, 37, 09, 14, 42, 08, 46, 10
112/06/30, 26, 06, 22, 29, 32, 43, 38
112/06/27, 13, 30, 37, 43, 44, 24, 04
112/06/23, 23, 31, 08, 49, 42, 04, 16
112/06/20, 41, 32, 15, 37, 05, 34, 11
112/06/16, 02, 30, 21, 33, 41, 22, 42
112/06/13, 09, 21, 08, 01, 10, 06, 02
112/06/09, 46, 38, 49, 36, 32, 30, 26
112/06/06, 30, 43, 27, 41, 13, 08, 18
112/06/02, 13, 05, 34, 01, 23, 16, 49
112/07/18, 34, 19, 04, 40, 05, 16, 10
112/07/14, 17, 15, 10, 33, 34, 45, 36
112/07/11, 48, 26, 49, 21, 10, 34, 39
112/07/07, 24, 21, 03, 33, 15, 06, 14
112/07/04, 41, 06, 15, 24, 12, 16, 21
